{"cameraMode":{"drawMode":0,"name":"Shaded","section":"Shading Mode"},"sceneLighting":false,"audioPlay":false,"sceneViewState":{"showFog":true,"showMaterialUpdate":false,"showSkybox":false,"showFlares":true,"showImageEffects":true,"showParticleSystems":true},"in2DMode":false,"pivot":{"x":-3.233987331390381,"y":4.06231164932251,"z":-8.002238273620606},"rotation":{"x":0.0038133994676172735,"y":0.986682116985321,"z":0.023379281163215638,"w":-0.16095006465911866},"size":7.5824666023254398,"orthographic":false}