{"cameraMode":{"drawMode":0,"name":"Shaded","section":"Shading Mode"},"sceneLighting":false,"audioPlay":false,"sceneViewState":{"showFog":true,"showMaterialUpdate":false,"showSkybox":false,"showFlares":true,"showImageEffects":true,"showParticleSystems":true},"in2DMode":false,"pivot":{"x":50.772090911865237,"y":211.20498657226563,"z":2.66062331199646},"rotation":{"x":0.016576088964939119,"y":0.9533224105834961,"z":-0.053261302411556247,"w":0.296779990196228},"size":151.3308563232422,"orthographic":false}